[
{
  "model": "auth.permission",
  "pk": 1,
  "fields": {
    "name": "Can add log entry",
    "content_type": 1,
    "codename": "add_logentry"
  }
},
{
  "model": "auth.permission",
  "pk": 2,
  "fields": {
    "name": "Can change log entry",
    "content_type": 1,
    "codename": "change_logentry"
  }
},
{
  "model": "auth.permission",
  "pk": 3,
  "fields": {
    "name": "Can delete log entry",
    "content_type": 1,
    "codename": "delete_logentry"
  }
},
{
  "model": "auth.permission",
  "pk": 4,
  "fields": {
    "name": "Can view log entry",
    "content_type": 1,
    "codename": "view_logentry"
  }
},
{
  "model": "auth.permission",
  "pk": 5,
  "fields": {
    "name": "Can add permission",
    "content_type": 2,
    "codename": "add_permission"
  }
},
{
  "model": "auth.permission",
  "pk": 6,
  "fields": {
    "name": "Can change permission",
    "content_type": 2,
    "codename": "change_permission"
  }
},
{
  "model": "auth.permission",
  "pk": 7,
  "fields": {
    "name": "Can delete permission",
    "content_type": 2,
    "codename": "delete_permission"
  }
},
{
  "model": "auth.permission",
  "pk": 8,
  "fields": {
    "name": "Can view permission",
    "content_type": 2,
    "codename": "view_permission"
  }
},
{
  "model": "auth.permission",
  "pk": 9,
  "fields": {
    "name": "Can add group",
    "content_type": 3,
    "codename": "add_group"
  }
},
{
  "model": "auth.permission",
  "pk": 10,
  "fields": {
    "name": "Can change group",
    "content_type": 3,
    "codename": "change_group"
  }
},
{
  "model": "auth.permission",
  "pk": 11,
  "fields": {
    "name": "Can delete group",
    "content_type": 3,
    "codename": "delete_group"
  }
},
{
  "model": "auth.permission",
  "pk": 12,
  "fields": {
    "name": "Can view group",
    "content_type": 3,
    "codename": "view_group"
  }
},
{
  "model": "auth.permission",
  "pk": 13,
  "fields": {
    "name": "Can add content type",
    "content_type": 4,
    "codename": "add_contenttype"
  }
},
{
  "model": "auth.permission",
  "pk": 14,
  "fields": {
    "name": "Can change content type",
    "content_type": 4,
    "codename": "change_contenttype"
  }
},
{
  "model": "auth.permission",
  "pk": 15,
  "fields": {
    "name": "Can delete content type",
    "content_type": 4,
    "codename": "delete_contenttype"
  }
},
{
  "model": "auth.permission",
  "pk": 16,
  "fields": {
    "name": "Can view content type",
    "content_type": 4,
    "codename": "view_contenttype"
  }
},
{
  "model": "auth.permission",
  "pk": 17,
  "fields": {
    "name": "Can add session",
    "content_type": 5,
    "codename": "add_session"
  }
},
{
  "model": "auth.permission",
  "pk": 18,
  "fields": {
    "name": "Can change session",
    "content_type": 5,
    "codename": "change_session"
  }
},
{
  "model": "auth.permission",
  "pk": 19,
  "fields": {
    "name": "Can delete session",
    "content_type": 5,
    "codename": "delete_session"
  }
},
{
  "model": "auth.permission",
  "pk": 20,
  "fields": {
    "name": "Can view session",
    "content_type": 5,
    "codename": "view_session"
  }
},
{
  "model": "auth.permission",
  "pk": 21,
  "fields": {
    "name": "Can add group",
    "content_type": 6,
    "codename": "add_group"
  }
},
{
  "model": "auth.permission",
  "pk": 22,
  "fields": {
    "name": "Can change group",
    "content_type": 6,
    "codename": "change_group"
  }
},
{
  "model": "auth.permission",
  "pk": 23,
  "fields": {
    "name": "Can delete group",
    "content_type": 6,
    "codename": "delete_group"
  }
},
{
  "model": "auth.permission",
  "pk": 24,
  "fields": {
    "name": "Can view group",
    "content_type": 6,
    "codename": "view_group"
  }
},
{
  "model": "auth.permission",
  "pk": 25,
  "fields": {
    "name": "Can add lesson",
    "content_type": 7,
    "codename": "add_lesson"
  }
},
{
  "model": "auth.permission",
  "pk": 26,
  "fields": {
    "name": "Can change lesson",
    "content_type": 7,
    "codename": "change_lesson"
  }
},
{
  "model": "auth.permission",
  "pk": 27,
  "fields": {
    "name": "Can delete lesson",
    "content_type": 7,
    "codename": "delete_lesson"
  }
},
{
  "model": "auth.permission",
  "pk": 28,
  "fields": {
    "name": "Can view lesson",
    "content_type": 7,
    "codename": "view_lesson"
  }
},
{
  "model": "auth.permission",
  "pk": 29,
  "fields": {
    "name": "Can add material",
    "content_type": 8,
    "codename": "add_material"
  }
},
{
  "model": "auth.permission",
  "pk": 30,
  "fields": {
    "name": "Can change material",
    "content_type": 8,
    "codename": "change_material"
  }
},
{
  "model": "auth.permission",
  "pk": 31,
  "fields": {
    "name": "Can delete material",
    "content_type": 8,
    "codename": "delete_material"
  }
},
{
  "model": "auth.permission",
  "pk": 32,
  "fields": {
    "name": "Can view material",
    "content_type": 8,
    "codename": "view_material"
  }
},
{
  "model": "auth.permission",
  "pk": 33,
  "fields": {
    "name": "Can add user",
    "content_type": 9,
    "codename": "add_user"
  }
},
{
  "model": "auth.permission",
  "pk": 34,
  "fields": {
    "name": "Can change user",
    "content_type": 9,
    "codename": "change_user"
  }
},
{
  "model": "auth.permission",
  "pk": 35,
  "fields": {
    "name": "Can delete user",
    "content_type": 9,
    "codename": "delete_user"
  }
},
{
  "model": "auth.permission",
  "pk": 36,
  "fields": {
    "name": "Can view user",
    "content_type": 9,
    "codename": "view_user"
  }
},
{
  "model": "contenttypes.contenttype",
  "pk": 1,
  "fields": {
    "app_label": "admin",
    "model": "logentry"
  }
},
{
  "model": "contenttypes.contenttype",
  "pk": 2,
  "fields": {
    "app_label": "auth",
    "model": "permission"
  }
},
{
  "model": "contenttypes.contenttype",
  "pk": 3,
  "fields": {
    "app_label": "auth",
    "model": "group"
  }
},
{
  "model": "contenttypes.contenttype",
  "pk": 4,
  "fields": {
    "app_label": "contenttypes",
    "model": "contenttype"
  }
},
{
  "model": "contenttypes.contenttype",
  "pk": 5,
  "fields": {
    "app_label": "sessions",
    "model": "session"
  }
},
{
  "model": "contenttypes.contenttype",
  "pk": 6,
  "fields": {
    "app_label": "materials",
    "model": "group"
  }
},
{
  "model": "contenttypes.contenttype",
  "pk": 7,
  "fields": {
    "app_label": "materials",
    "model": "lesson"
  }
},
{
  "model": "contenttypes.contenttype",
  "pk": 8,
  "fields": {
    "app_label": "materials",
    "model": "material"
  }
},
{
  "model": "contenttypes.contenttype",
  "pk": 9,
  "fields": {
    "app_label": "users",
    "model": "user"
  }
},
{
  "model": "materials.material",
  "pk": 1,
  "fields": {
    "author": "Vasilii Ivanov",
    "name": "FastAPI Course",
    "start_time": "2024-06-10T15:00:00Z",
    "price": 10000,
    "min_students_in_group": 10,
    "max_students_in_group": 15,
    "material_users": [
      1,
      2,
      3,
      4,
      6,
      7,
      8,
      9,
      11,
      12,
      14,
      16,
      17,
      19,
      20,
      21,
      23,
      24,
      26,
      27,
      30
    ]
  }
},
{
  "model": "materials.material",
  "pk": 2,
  "fields": {
    "author": "Ivan Ivanov",
    "name": "Python Developer Course",
    "start_time": "2024-04-28T15:00:00Z",
    "price": 8000,
    "min_students_in_group": 7,
    "max_students_in_group": 10,
    "material_users": [
      5,
      7,
      8,
      10,
      13,
      14,
      17,
      19,
      20,
      21,
      22,
      24,
      25,
      27,
      28,
      29
    ]
  }
},
{
  "model": "materials.material",
  "pk": 3,
  "fields": {
    "author": "Petr Petrov",
    "name": "Java Developer Course",
    "start_time": "2024-01-10T15:00:00Z",
    "price": 10000,
    "min_students_in_group": 10,
    "max_students_in_group": 15,
    "material_users": []
  }
},
{
  "model": "materials.material",
  "pk": 4,
  "fields": {
    "author": "Petr Petrov",
    "name": "Django Course",
    "start_time": "2024-04-01T15:00:00Z",
    "price": 9999,
    "min_students_in_group": 10,
    "max_students_in_group": 15,
    "material_users": [
      1,
      3,
      4,
      5,
      8,
      9,
      11,
      14,
      15,
      18,
      19,
      21,
      24,
      27,
      29
    ]
  }
},
{
  "model": "materials.lesson",
  "pk": 1,
  "fields": {
    "name": "FastAPI lesson 1",
    "video_url": "fastapi-video/1",
    "material": 1
  }
},
{
  "model": "materials.lesson",
  "pk": 2,
  "fields": {
    "name": "FastAPI lesson 2",
    "video_url": "fastapi-video/2",
    "material": 1
  }
},
{
  "model": "materials.lesson",
  "pk": 3,
  "fields": {
    "name": "FastAPI lesson 3",
    "video_url": "fastapi-video/3",
    "material": 1
  }
},
{
  "model": "materials.lesson",
  "pk": 4,
  "fields": {
    "name": "FastAPI lesson 4",
    "video_url": "fastapi-video/4",
    "material": 1
  }
},
{
  "model": "materials.lesson",
  "pk": 5,
  "fields": {
    "name": "FastAPI lesson 5",
    "video_url": "fastapi-video/5",
    "material": 1
  }
},
{
  "model": "materials.lesson",
  "pk": 6,
  "fields": {
    "name": "FastAPI lesson 6",
    "video_url": "fastapi-video/6",
    "material": 1
  }
},
{
  "model": "materials.lesson",
  "pk": 7,
  "fields": {
    "name": "FastAPI lesson 7",
    "video_url": "fastapi-video/7",
    "material": 1
  }
},
{
  "model": "materials.lesson",
  "pk": 8,
  "fields": {
    "name": "Python lesson 1",
    "video_url": "python-course-video/1",
    "material": 2
  }
},
{
  "model": "materials.lesson",
  "pk": 9,
  "fields": {
    "name": "Python lesson 2",
    "video_url": "python-course-video/2",
    "material": 2
  }
},
{
  "model": "materials.lesson",
  "pk": 10,
  "fields": {
    "name": "Python lesson 3",
    "video_url": "python-course-video/3",
    "material": 2
  }
},
{
  "model": "materials.lesson",
  "pk": 11,
  "fields": {
    "name": "Python lesson 4",
    "video_url": "python-course-video/4",
    "material": 2
  }
},
{
  "model": "materials.lesson",
  "pk": 12,
  "fields": {
    "name": "Python lesson 5",
    "video_url": "python-course-video/5",
    "material": 2
  }
},
{
  "model": "materials.lesson",
  "pk": 13,
  "fields": {
    "name": "Python lesson 5",
    "video_url": "python-course-video/6",
    "material": 2
  }
},
{
  "model": "materials.lesson",
  "pk": 14,
  "fields": {
    "name": "Python lesson 7",
    "video_url": "python-course-video/7",
    "material": 2
  }
},
{
  "model": "materials.lesson",
  "pk": 15,
  "fields": {
    "name": "Python lesson 8",
    "video_url": "python-course-video/8",
    "material": 2
  }
},
{
  "model": "materials.lesson",
  "pk": 16,
  "fields": {
    "name": "Python lesson 9",
    "video_url": "python-course-video/9",
    "material": 2
  }
},
{
  "model": "materials.lesson",
  "pk": 17,
  "fields": {
    "name": "Python lesson 10",
    "video_url": "python-course-video/10",
    "material": 2
  }
},
{
  "model": "materials.lesson",
  "pk": 18,
  "fields": {
    "name": "Java lesson 1",
    "video_url": "java-course-video/1",
    "material": 3
  }
},
{
  "model": "materials.lesson",
  "pk": 19,
  "fields": {
    "name": "Java lesson 2",
    "video_url": "java-course-video/2",
    "material": 3
  }
},
{
  "model": "materials.lesson",
  "pk": 20,
  "fields": {
    "name": "Java lesson 3",
    "video_url": "java-course-video/3",
    "material": 3
  }
},
{
  "model": "materials.lesson",
  "pk": 21,
  "fields": {
    "name": "Java lesson 4",
    "video_url": "java-course-video/4",
    "material": 3
  }
},
{
  "model": "materials.lesson",
  "pk": 22,
  "fields": {
    "name": "Java lesson 5",
    "video_url": "java-course-video/5",
    "material": 3
  }
},
{
  "model": "materials.lesson",
  "pk": 23,
  "fields": {
    "name": "Java lesson 6",
    "video_url": "java-course-video/6",
    "material": 3
  }
},
{
  "model": "materials.lesson",
  "pk": 24,
  "fields": {
    "name": "Java lesson 7",
    "video_url": "java-course-video/7",
    "material": 3
  }
},
{
  "model": "materials.lesson",
  "pk": 25,
  "fields": {
    "name": "Java lesson 8",
    "video_url": "java-course-video/8",
    "material": 3
  }
},
{
  "model": "materials.lesson",
  "pk": 26,
  "fields": {
    "name": "Java lesson 9",
    "video_url": "java-course-video/9",
    "material": 3
  }
},
{
  "model": "materials.lesson",
  "pk": 27,
  "fields": {
    "name": "Java lesson 10",
    "video_url": "java-course-video/10",
    "material": 3
  }
},
{
  "model": "materials.lesson",
  "pk": 28,
  "fields": {
    "name": "Django lesson 1",
    "video_url": "django-video/1",
    "material": 4
  }
},
{
  "model": "materials.lesson",
  "pk": 29,
  "fields": {
    "name": "Django lesson 2",
    "video_url": "django-video/2",
    "material": 4
  }
},
{
  "model": "materials.lesson",
  "pk": 30,
  "fields": {
    "name": "Django lesson 3",
    "video_url": "django-video/3",
    "material": 4
  }
},
{
  "model": "materials.lesson",
  "pk": 31,
  "fields": {
    "name": "Django lesson 4",
    "video_url": "django-video/4",
    "material": 4
  }
},
{
  "model": "materials.lesson",
  "pk": 32,
  "fields": {
    "name": "Django lesson 5",
    "video_url": "django-video/5",
    "material": 4
  }
},
{
  "model": "materials.lesson",
  "pk": 33,
  "fields": {
    "name": "Django lesson 6",
    "video_url": "django-video/6",
    "material": 4
  }
},
{
  "model": "materials.lesson",
  "pk": 34,
  "fields": {
    "name": "Django lesson 7",
    "video_url": "django-video/7",
    "material": 4
  }
},
{
  "model": "materials.group",
  "pk": 1,
  "fields": {
    "name": "Django Course-1",
    "material": 4,
    "students": [
      1,
      3,
      4,
      5,
      8,
      9,
      11,
      14,
      15,
      18,
      19,
      21,
      24,
      27,
      29
    ]
  }
},
{
  "model": "materials.group",
  "pk": 2,
  "fields": {
    "name": "FastAPI Course-1",
    "material": 1,
    "students": [
      1,
      2,
      3,
      4,
      6,
      7,
      8,
      9,
      23,
      26,
      30
    ]
  }
},
{
  "model": "materials.group",
  "pk": 3,
  "fields": {
    "name": "Python Developer Course-1",
    "material": 2,
    "students": [
      5,
      7,
      8,
      10,
      13,
      24,
      25,
      28
    ]
  }
},
{
  "model": "materials.group",
  "pk": 4,
  "fields": {
    "name": "FastAPI Course-2",
    "material": 1,
    "students": [
      11,
      12,
      14,
      16,
      17,
      19,
      20,
      21,
      24,
      27
    ]
  }
},
{
  "model": "materials.group",
  "pk": 5,
  "fields": {
    "name": "Python Developer Course-2",
    "material": 2,
    "students": [
      14,
      17,
      19,
      20,
      21,
      22,
      27,
      29
    ]
  }
},
{
  "model": "users.user",
  "pk": 1,
  "fields": {
    "password": "pbkdf2_sha256$720000$ZJmwiITRBGQBBEnCneFSJE$72pHF9Q+a7Ka5KE/wr4Di+AVDJZWgCEyXLdYQ4+rNf8=",
    "last_login": "2024-03-01T01:35:23.480Z",
    "is_superuser": false,
    "username": "root",
    "first_name": "",
    "last_name": "",
    "email": "",
    "is_staff": false,
    "is_active": true,
    "date_joined": "2024-03-01T01:20:10.561Z",
    "groups": [],
    "user_permissions": []
  }
},
{
  "model": "users.user",
  "pk": 2,
  "fields": {
    "password": "pbkdf2_sha256$720000$5ZtS0wJAb6AdPZyus8598N$uSpG3u73tLv+UgVDmVnJPL0Fq7hmRg6GG7A7oduZVP8=",
    "last_login": "2024-03-01T01:34:45.770Z",
    "is_superuser": false,
    "username": "user_1",
    "first_name": "",
    "last_name": "",
    "email": "",
    "is_staff": false,
    "is_active": true,
    "date_joined": "2024-03-01T01:34:39.567Z",
    "groups": [],
    "user_permissions": []
  }
},
{
  "model": "users.user",
  "pk": 3,
  "fields": {
    "password": "pbkdf2_sha256$720000$UMhTsuqryaKPWIhpNMgX1N$6Cl+B7qmZieagO0G1vK+JWKYmZTdD5HAcuzVlU73Hr4=",
    "last_login": "2024-03-01T01:35:06.276Z",
    "is_superuser": false,
    "username": "user_2",
    "first_name": "",
    "last_name": "",
    "email": "",
    "is_staff": false,
    "is_active": true,
    "date_joined": "2024-03-01T01:34:59.121Z",
    "groups": [],
    "user_permissions": []
  }
},
{
  "model": "users.user",
  "pk": 4,
  "fields": {
    "password": "pbkdf2_sha256$720000$tpRLKEylKzFxVUktf1gVpv$TldXJ7c0a+k/tqKr3tX2k3u3MiYvFQF2Co2CFsu5SJ8=",
    "last_login": "2024-03-01T01:44:46.882Z",
    "is_superuser": false,
    "username": "user_3",
    "first_name": "",
    "last_name": "",
    "email": "",
    "is_staff": false,
    "is_active": true,
    "date_joined": "2024-03-01T01:44:41.009Z",
    "groups": [],
    "user_permissions": []
  }
},
{
  "model": "users.user",
  "pk": 5,
  "fields": {
    "password": "pbkdf2_sha256$720000$s4I4UMxsShUFDd3KepSJBS$etmydMs5wh0X3LmWonlfXqT21dgDHZWKxE+PowynCgM=",
    "last_login": "2024-03-01T01:45:07.091Z",
    "is_superuser": false,
    "username": "user_4",
    "first_name": "",
    "last_name": "",
    "email": "",
    "is_staff": false,
    "is_active": true,
    "date_joined": "2024-03-01T01:44:58.701Z",
    "groups": [],
    "user_permissions": []
  }
},
{
  "model": "users.user",
  "pk": 6,
  "fields": {
    "password": "pbkdf2_sha256$720000$7tMUwlbfdfnwEsq7J0CXvZ$B/3NbMr8UplKiVF8N9h+RRMnbp6hCOTiN+hgw5Exp+Y=",
    "last_login": "2024-03-01T01:45:25.983Z",
    "is_superuser": false,
    "username": "user_5",
    "first_name": "",
    "last_name": "",
    "email": "",
    "is_staff": false,
    "is_active": true,
    "date_joined": "2024-03-01T01:45:20.563Z",
    "groups": [],
    "user_permissions": []
  }
},
{
  "model": "users.user",
  "pk": 7,
  "fields": {
    "password": "pbkdf2_sha256$720000$D5RG4FaXj5H1bCEbE5GlmN$iwdWulZ16N2oDGIaqn1CujZv2OY5kUg0S1ZTJoz89Rs=",
    "last_login": "2024-03-01T01:45:42.231Z",
    "is_superuser": false,
    "username": "user_6",
    "first_name": "",
    "last_name": "",
    "email": "",
    "is_staff": false,
    "is_active": true,
    "date_joined": "2024-03-01T01:45:34.459Z",
    "groups": [],
    "user_permissions": []
  }
},
{
  "model": "users.user",
  "pk": 8,
  "fields": {
    "password": "pbkdf2_sha256$720000$x0o5kx3NZvJZvatOIzmwIW$q7i51SE3ZOcoAusR2+FSxa1IAMwlLBjDhpY+EBcgHkQ=",
    "last_login": "2024-03-01T01:46:00.646Z",
    "is_superuser": false,
    "username": "user_7",
    "first_name": "",
    "last_name": "",
    "email": "",
    "is_staff": false,
    "is_active": true,
    "date_joined": "2024-03-01T01:45:53.434Z",
    "groups": [],
    "user_permissions": []
  }
},
{
  "model": "users.user",
  "pk": 9,
  "fields": {
    "password": "pbkdf2_sha256$720000$A1wfUdJpBiMpWIYEM0ZPRn$esXoJwHPfoq8hHPoJpLCI7Zl5Q7pH2D2ALXW0EWCxHU=",
    "last_login": "2024-03-01T01:46:19.982Z",
    "is_superuser": false,
    "username": "user_8",
    "first_name": "",
    "last_name": "",
    "email": "",
    "is_staff": false,
    "is_active": true,
    "date_joined": "2024-03-01T01:46:13.167Z",
    "groups": [],
    "user_permissions": []
  }
},
{
  "model": "users.user",
  "pk": 10,
  "fields": {
    "password": "pbkdf2_sha256$720000$DwyoYxy50pHTS8bATUhAOv$+5OzgY3L5ulhUrT251ogG04wtwV474z/CH7CrByy6JI=",
    "last_login": "2024-03-01T01:46:36.632Z",
    "is_superuser": false,
    "username": "user_9",
    "first_name": "",
    "last_name": "",
    "email": "",
    "is_staff": false,
    "is_active": true,
    "date_joined": "2024-03-01T01:46:29.688Z",
    "groups": [],
    "user_permissions": []
  }
},
{
  "model": "users.user",
  "pk": 11,
  "fields": {
    "password": "pbkdf2_sha256$720000$9sReghSUCaJSQ8KiPV9vUx$tOdtFSICJUzqpGAdHaET+vA9glUk/Pr2FnEWFuycRcU=",
    "last_login": "2024-03-01T01:46:52.161Z",
    "is_superuser": false,
    "username": "user_10",
    "first_name": "",
    "last_name": "",
    "email": "",
    "is_staff": false,
    "is_active": true,
    "date_joined": "2024-03-01T01:46:45.783Z",
    "groups": [],
    "user_permissions": []
  }
},
{
  "model": "users.user",
  "pk": 12,
  "fields": {
    "password": "pbkdf2_sha256$720000$AjsoSMcza4faCzyi6PpMQY$x0cJThUkd8roAL2rkSOHFHlzxYrob8b8IWzmu8K18Pg=",
    "last_login": "2024-03-01T01:47:07.872Z",
    "is_superuser": false,
    "username": "user_11",
    "first_name": "",
    "last_name": "",
    "email": "",
    "is_staff": false,
    "is_active": true,
    "date_joined": "2024-03-01T01:47:01.691Z",
    "groups": [],
    "user_permissions": []
  }
},
{
  "model": "users.user",
  "pk": 13,
  "fields": {
    "password": "pbkdf2_sha256$720000$GYWWOpv7bOAJy25adTuE2g$9WR8CTO5cq4C7KlMdW/OeHFmYBnNQQrQ6zuClVClO0M=",
    "last_login": "2024-03-01T01:47:24.986Z",
    "is_superuser": false,
    "username": "user_12",
    "first_name": "",
    "last_name": "",
    "email": "",
    "is_staff": false,
    "is_active": true,
    "date_joined": "2024-03-01T01:47:18.276Z",
    "groups": [],
    "user_permissions": []
  }
},
{
  "model": "users.user",
  "pk": 14,
  "fields": {
    "password": "pbkdf2_sha256$720000$9nokSqe0JOe9RHLhxbDwFv$7uZVRP+zuL1MscL320H+A9Vi1pEW7wbG5gGAuZZjah8=",
    "last_login": "2024-03-01T01:47:44.933Z",
    "is_superuser": false,
    "username": "user_13",
    "first_name": "",
    "last_name": "",
    "email": "",
    "is_staff": false,
    "is_active": true,
    "date_joined": "2024-03-01T01:47:39.609Z",
    "groups": [],
    "user_permissions": []
  }
},
{
  "model": "users.user",
  "pk": 15,
  "fields": {
    "password": "pbkdf2_sha256$720000$LhSv18mP8MtRQqRv8GTGm1$96fF8rZen13h45qNqzU49++TFcO95Y6sjswtCL/1Awk=",
    "last_login": "2024-03-01T01:48:13.503Z",
    "is_superuser": false,
    "username": "user_14",
    "first_name": "",
    "last_name": "",
    "email": "",
    "is_staff": false,
    "is_active": true,
    "date_joined": "2024-03-01T01:48:06.312Z",
    "groups": [],
    "user_permissions": []
  }
},
{
  "model": "users.user",
  "pk": 16,
  "fields": {
    "password": "pbkdf2_sha256$720000$42TDiFG3X6gyS1oP32XGj7$oE+ilqDRcY90V40Qf5azhUAxT5s5usQVEDLWGozI14U=",
    "last_login": "2024-03-01T01:48:27.290Z",
    "is_superuser": false,
    "username": "user_15",
    "first_name": "",
    "last_name": "",
    "email": "",
    "is_staff": false,
    "is_active": true,
    "date_joined": "2024-03-01T01:48:21.331Z",
    "groups": [],
    "user_permissions": []
  }
},
{
  "model": "users.user",
  "pk": 17,
  "fields": {
    "password": "pbkdf2_sha256$720000$JeXlcVehGFQtlK6Shd43kv$OoiCjwqEJxJB+QRJk32Cf9A+4lPVYIy4IdC728fT5S0=",
    "last_login": "2024-03-01T01:48:40.705Z",
    "is_superuser": false,
    "username": "user_16",
    "first_name": "",
    "last_name": "",
    "email": "",
    "is_staff": false,
    "is_active": true,
    "date_joined": "2024-03-01T01:48:34.995Z",
    "groups": [],
    "user_permissions": []
  }
},
{
  "model": "users.user",
  "pk": 18,
  "fields": {
    "password": "pbkdf2_sha256$720000$snQxQQazpc0pGh34X7EuNx$MHrP0OrL6rCjYKZyTe4l1aKs4+CiX13a5fbYp+uuXfk=",
    "last_login": "2024-03-01T01:49:10.918Z",
    "is_superuser": false,
    "username": "user_17",
    "first_name": "",
    "last_name": "",
    "email": "",
    "is_staff": false,
    "is_active": true,
    "date_joined": "2024-03-01T01:49:03.566Z",
    "groups": [],
    "user_permissions": []
  }
},
{
  "model": "users.user",
  "pk": 19,
  "fields": {
    "password": "pbkdf2_sha256$720000$KvMRWrvy2O34Acz7X7jEoT$dk3KanuMzz0Jb5U6AosVE9bzlyQouw3pEGHyNAUuooo=",
    "last_login": "2024-03-01T01:49:26.068Z",
    "is_superuser": false,
    "username": "user_18",
    "first_name": "",
    "last_name": "",
    "email": "",
    "is_staff": false,
    "is_active": true,
    "date_joined": "2024-03-01T01:49:18.697Z",
    "groups": [],
    "user_permissions": []
  }
},
{
  "model": "users.user",
  "pk": 20,
  "fields": {
    "password": "pbkdf2_sha256$720000$tXnY9ymmEEcsLagYlYXsl3$0/dDFtN9F1qicCnVostyD2qCLaAIeqQS889sTEz7DmI=",
    "last_login": "2024-03-01T01:49:49.266Z",
    "is_superuser": false,
    "username": "user_19",
    "first_name": "",
    "last_name": "",
    "email": "",
    "is_staff": false,
    "is_active": true,
    "date_joined": "2024-03-01T01:49:43.788Z",
    "groups": [],
    "user_permissions": []
  }
},
{
  "model": "users.user",
  "pk": 21,
  "fields": {
    "password": "pbkdf2_sha256$720000$WMOGonB8JKOwWdzLBl10Xz$0N9JJ50zWjKxZe0dN9wMwroD81IJr76TNlS5d+ipK7I=",
    "last_login": "2024-03-01T01:50:09.765Z",
    "is_superuser": false,
    "username": "user_20",
    "first_name": "",
    "last_name": "",
    "email": "",
    "is_staff": false,
    "is_active": true,
    "date_joined": "2024-03-01T01:50:00.441Z",
    "groups": [],
    "user_permissions": []
  }
},
{
  "model": "users.user",
  "pk": 22,
  "fields": {
    "password": "pbkdf2_sha256$720000$yCHBta6DRNGhacTr10z1tK$4dbsa6x7cnHzByCbsx9vXfLIzgnmu9lyXMKkF4wQV+A=",
    "last_login": "2024-03-01T01:50:25.909Z",
    "is_superuser": false,
    "username": "user_21",
    "first_name": "",
    "last_name": "",
    "email": "",
    "is_staff": false,
    "is_active": true,
    "date_joined": "2024-03-01T01:50:20.077Z",
    "groups": [],
    "user_permissions": []
  }
},
{
  "model": "users.user",
  "pk": 23,
  "fields": {
    "password": "pbkdf2_sha256$720000$me6c36eQobHTXIMk2FzbH8$Cc5Z/UvSaAGmEJvuEhNKK2AwHVxby2y93wDvB3lW89c=",
    "last_login": "2024-03-01T01:50:41.755Z",
    "is_superuser": false,
    "username": "user_22",
    "first_name": "",
    "last_name": "",
    "email": "",
    "is_staff": false,
    "is_active": true,
    "date_joined": "2024-03-01T01:50:35.143Z",
    "groups": [],
    "user_permissions": []
  }
},
{
  "model": "users.user",
  "pk": 24,
  "fields": {
    "password": "pbkdf2_sha256$720000$DLqLWxM36eRnCOgVl42Hvj$pPuuE/YbtNWBpduMEb7Jl5+KoVME9MAVYMwlVGu/9KA=",
    "last_login": "2024-03-01T01:50:55.902Z",
    "is_superuser": false,
    "username": "user_23",
    "first_name": "",
    "last_name": "",
    "email": "",
    "is_staff": false,
    "is_active": true,
    "date_joined": "2024-03-01T01:50:49.930Z",
    "groups": [],
    "user_permissions": []
  }
},
{
  "model": "users.user",
  "pk": 25,
  "fields": {
    "password": "pbkdf2_sha256$720000$zSWv5KRRQA8HMBv2c6nviQ$+3AANomLPVqWkiEAT6RfMWQd/xWYQyvJsU5DV3Nzfr4=",
    "last_login": "2024-03-01T01:51:17.463Z",
    "is_superuser": false,
    "username": "user_24",
    "first_name": "",
    "last_name": "",
    "email": "",
    "is_staff": false,
    "is_active": true,
    "date_joined": "2024-03-01T01:51:10.450Z",
    "groups": [],
    "user_permissions": []
  }
},
{
  "model": "users.user",
  "pk": 26,
  "fields": {
    "password": "pbkdf2_sha256$720000$C79L5FOk2LwBYNOMJApBsX$0kZQSLL5//IFEwC0YHfn9KY6mz2vNqVa5GG9V0c7xjA=",
    "last_login": "2024-03-01T01:51:44.517Z",
    "is_superuser": false,
    "username": "user_25",
    "first_name": "",
    "last_name": "",
    "email": "",
    "is_staff": false,
    "is_active": true,
    "date_joined": "2024-03-01T01:51:38.877Z",
    "groups": [],
    "user_permissions": []
  }
},
{
  "model": "users.user",
  "pk": 27,
  "fields": {
    "password": "pbkdf2_sha256$720000$IHgJZMX0lM9DQ63heHinED$Dwbi4h4DTmgLJ9IJ0ySBF0nMw63vQ8OFBlhS5EdBzWc=",
    "last_login": "2024-03-01T01:51:58.823Z",
    "is_superuser": false,
    "username": "user_26",
    "first_name": "",
    "last_name": "",
    "email": "",
    "is_staff": false,
    "is_active": true,
    "date_joined": "2024-03-01T01:51:52.743Z",
    "groups": [],
    "user_permissions": []
  }
},
{
  "model": "users.user",
  "pk": 28,
  "fields": {
    "password": "pbkdf2_sha256$720000$WdjjIFmM7Jg3PbaF5feaX9$pHs1QoGYZ2gIiPUYdBF4u+3gQ46fDg7i8z2HPJJUUpU=",
    "last_login": "2024-03-01T01:52:13.059Z",
    "is_superuser": false,
    "username": "user_27",
    "first_name": "",
    "last_name": "",
    "email": "",
    "is_staff": false,
    "is_active": true,
    "date_joined": "2024-03-01T01:52:07.121Z",
    "groups": [],
    "user_permissions": []
  }
},
{
  "model": "users.user",
  "pk": 29,
  "fields": {
    "password": "pbkdf2_sha256$720000$w2NOHzPKbTiV32KyerQTLU$o1wCTPyefGTWZItvYO53cuTUtzfpmKDR3vvtrkmHCRU=",
    "last_login": "2024-03-01T01:52:27.206Z",
    "is_superuser": false,
    "username": "user_28",
    "first_name": "",
    "last_name": "",
    "email": "",
    "is_staff": false,
    "is_active": true,
    "date_joined": "2024-03-01T01:52:20.739Z",
    "groups": [],
    "user_permissions": []
  }
},
{
  "model": "users.user",
  "pk": 30,
  "fields": {
    "password": "pbkdf2_sha256$720000$6OB4lAqWTvE46ihIworeI2$TjTAwa7oJiUjFGc2c/P8FFHGvypArIxBhL1kQNJ/AjU=",
    "last_login": "2024-03-01T01:52:41.176Z",
    "is_superuser": false,
    "username": "user_29",
    "first_name": "",
    "last_name": "",
    "email": "",
    "is_staff": false,
    "is_active": true,
    "date_joined": "2024-03-01T01:52:35.311Z",
    "groups": [],
    "user_permissions": []
  }
}
]
